caseid,activity,ts,noise
0,start_event_Loan  application received,2017-09-15 14:46:25.000,
0,Check  application  form completeness,2017-09-15 14:48:38.802,
0,Appraise property,2017-09-15 15:57:26.746,
1,start_event_Loan  application received,2017-09-16 17:53:23.799,
1,Check  application  form completeness,2017-09-16 18:27:54.932,
1,Check credit history,2017-09-16 18:33:49.728,
2,start_event_Loan  application received,2017-09-17 15:54:20.813,
2,Check  application  form completeness,2017-09-17 16:24:16.679,
2,Return application back to applicant,2017-09-17 16:37:03.839,
3,start_event_Loan  application received,2017-09-19 13:30:01.499,
3,Check  application  form completeness,2017-09-19 13:54:39.302,
3,Return application back to applicant,2017-09-19 14:57:58.492,
4,start_event_Loan  application received,2017-09-20 00:55:28.622,
4,Check  application  form completeness,2017-09-20 02:29:05.418,
4,Return application back to applicant,2017-09-20 02:46:34.784,
5,start_event_Loan  application received,2017-09-20 10:57:43.343,
5,Return application back to applicant,2017-09-20 10:57:43.343,True
5,Check  application  form completeness,2017-09-20 11:32:22.974,
6,start_event_Loan  application received,2017-09-20 21:19:25.477,
6,Check  application  form completeness,2017-09-20 23:31:15.345,
6,Return application back to applicant,2017-09-20 23:50:49.681,
7,start_event_Loan  application received,2017-09-21 15:13:47.473,
7,Check  application  form completeness,2017-09-21 16:25:35.275,
7,Check credit history,2017-09-21 17:32:33.710,
8,start_event_Loan  application received,2017-09-21 20:35:05.535,
8,Check  application  form completeness,2017-09-21 21:01:55.242,
8,Appraise property,2017-09-22 00:20:09.343,
9,start_event_Loan  application received,2017-09-22 11:57:27.982,
9,end_event_Loan  application approved,2017-09-22 11:57:27.982,True
9,Check  application  form completeness,2017-09-22 12:01:56.659,
10,start_event_Loan  application received,2017-09-23 13:11:39.677,
10,Check  application  form completeness,2017-09-23 13:14:11.082,
10,Check credit history,2017-09-23 13:23:24.194,
11,Assess eligibility,2017-09-23 18:54:53.721,True
11,start_event_Loan  application received,2017-09-23 18:17:10.607,
11,Check  application  form completeness,2017-09-23 19:29:38.250,
12,start_event_Loan  application received,2017-09-24 20:58:14.298,
12,Check  application  form completeness,2017-09-24 21:14:59.790,
12,Appraise property,2017-09-24 21:58:22.166,
13,start_event_Loan  application received,2017-09-25 10:48:19.971,
13,Check  application  form completeness,2017-09-25 11:12:56.026,
13,Appraise property,2017-09-25 13:20:39.752,
14,end_event_Loan application rejected,2017-09-25 20:40:22.701,True
14,start_event_Loan  application received,2017-09-25 14:31:52.990,
14,Check  application  form completeness,2017-09-25 17:23:43.923,
15,Check  application  form completeness,2017-09-26 02:00:03.382,True
15,start_event_Loan  application received,2017-09-26 09:52:51.650,
15,Check  application  form completeness,2017-09-26 10:10:55.154,
16,start_event_Loan  application received,2017-09-27 20:21:00.688,
16,Check  application  form completeness,2017-09-27 20:43:18.861,
16,Return application back to applicant,2017-09-27 21:49:22.185,
17,start_event_Loan  application received,2017-09-28 06:52:29.228,
17,Check  application  form completeness,2017-09-28 07:21:53.312,
17,Return application back to applicant,2017-09-28 07:28:31.661,
18,start_event_Loan  application received,2017-09-28 15:21:30.488,
18,Check  application  form completeness,2017-09-28 19:02:21.189,
18,Appraise property,2017-09-28 19:43:59.294,
19,start_event_Loan  application received,2017-09-29 03:02:11.413,
19,Check  application  form completeness,2017-09-29 05:56:23.695,
19,Return application back to applicant,2017-09-29 07:30:31.453,
20,start_event_Loan  application received,2017-10-01 09:45:56.206,
20,Check  application  form completeness,2017-10-01 10:12:08.504,
20,Return application back to applicant,2017-10-01 11:27:25.062,
21,start_event_Loan  application received,2017-10-02 04:21:19.863,
21,Reject application,2017-10-02 04:21:19.863,True
21,Check  application  form completeness,2017-10-02 04:59:33.063,
22,start_event_Loan  application received,2017-10-03 13:43:01.069,
22,Check  application  form completeness,2017-10-03 14:01:58.048,
22,Return application back to applicant,2017-10-03 14:21:35.356,
23,start_event_Loan  application received,2017-10-04 12:51:59.514,
23,Check  application  form completeness,2017-10-04 15:08:00.735,
23,Check credit history,2017-10-04 16:32:19.446,
24,start_event_Loan  application received,2017-10-04 17:23:31.456,
24,Check  application  form completeness,2017-10-04 21:44:27.675,
24,Check credit history,2017-10-04 22:24:25.863,
25,start_event_Loan  application received,2017-10-05 02:56:19.723,
25,Check  application  form completeness,2017-10-05 04:29:46.854,
25,Appraise property,2017-10-05 07:28:50.462,
26,start_event_Loan  application received,2017-10-06 01:23:22.441,
26,Check  application  form completeness,2017-10-06 01:23:25.119,
26,Return application back to applicant,2017-10-06 03:21:19.900,
27,start_event_Loan  application received,2017-10-06 09:46:08.846,
27,Check  application  form completeness,2017-10-06 11:04:05.510,
27,Check credit history,2017-10-06 11:26:41.033,
28,start_event_Loan  application received,2017-10-06 20:39:48.169,
28,Check  application  form completeness,2017-10-06 21:38:28.011,
28,Check credit history,2017-10-06 22:01:16.029,
29,start_event_Loan  application received,2017-10-07 01:24:11.048,
29,Assess loan risk,2017-10-07 01:24:11.048,True
29,Check  application  form completeness,2017-10-07 05:44:43.450,
30,start_event_Loan  application received,2017-10-08 00:12:40.545,
30,Check  application  form completeness,2017-10-08 01:13:37.464,
30,Check credit history,2017-10-08 01:55:27.694,
31,start_event_Loan  application received,2017-10-08 05:14:45.693,
31,Check  application  form completeness,2017-10-08 05:36:35.160,
31,Return application back to applicant,2017-10-08 05:53:08.583,
32,start_event_Loan  application received,2017-10-10 05:05:57.630,
32,Check  application  form completeness,2017-10-10 06:38:09.797,
32,Check credit history,2017-10-10 06:56:13.640,
33,start_event_Loan  application received,2017-10-10 09:26:53.368,
33,Check  application  form completeness,2017-10-10 09:49:26.820,
33,Return application back to applicant,2017-10-10 11:19:46.511,
34,start_event_Loan  application received,2017-10-13 07:32:01.783,
34,Check  application  form completeness,2017-10-13 08:17:58.590,
34,Return application back to applicant,2017-10-13 08:25:51.133,
35,start_event_Loan  application received,2017-10-13 08:55:17.380,
35,start_event_Loan  application received,2017-10-13 08:55:17.380,True
35,Check  application  form completeness,2017-10-13 10:36:04.027,
36,start_event_Loan  application received,2017-10-13 13:11:33.848,
36,Check  application  form completeness,2017-10-13 13:34:16.481,
36,Appraise property,2017-10-13 14:27:59.261,
37,start_event_Loan  application received,2017-10-13 19:32:27.030,
37,Check  application  form completeness,2017-10-13 20:53:54.988,
37,Check credit history,2017-10-13 21:00:41.467,
38,start_event_Loan  application received,2017-10-13 20:00:57.087,
38,Check  application  form completeness,2017-10-13 20:37:23.532,
38,Appraise property,2017-10-13 21:10:40.550,
39,start_event_Loan  application received,2017-10-13 21:24:12.783,
39,Check  application  form completeness,2017-10-13 22:05:25.958,
39,Appraise property,2017-10-13 23:09:52.705,
40,start_event_Loan  application received,2017-10-18 03:40:40.277,
40,Reject application,2017-10-18 03:40:40.277,True
40,Check  application  form completeness,2017-10-18 04:27:28.244,
41,start_event_Loan  application received,2017-10-20 17:47:37.731,
41,Check  application  form completeness,2017-10-20 17:58:18.697,
41,Return application back to applicant,2017-10-20 19:27:38.451,
42,start_event_Loan  application received,2017-10-24 19:13:40.373,
42,Check  application  form completeness,2017-10-24 20:28:23.753,
42,Return application back to applicant,2017-10-24 20:51:02.288,
43,start_event_Loan  application received,2017-10-25 16:55:04.383,
43,Check  application  form completeness,2017-10-25 17:46:49.545,
43,Check credit history,2017-10-25 18:07:06.493,
44,start_event_Loan  application received,2017-10-25 20:14:49.452,
44,Check  application  form completeness,2017-10-25 20:43:05.511,
44,Appraise property,2017-10-25 23:11:23.739,
45,start_event_Loan  application received,2017-10-30 16:40:50.079,
45,Check  application  form completeness,2017-10-30 18:10:33.877,
45,Cancel application,2017-10-30 18:10:33.877,True
46,start_event_Loan  application received,2017-10-30 17:54:04.760,
46,Check  application  form completeness,2017-10-30 18:43:03.542,
46,Return application back to applicant,2017-10-30 20:30:58.625,
47,start_event_Loan  application received,2017-10-31 13:54:35.623,
47,Check  application  form completeness,2017-10-31 16:35:33.174,
47,Return application back to applicant,2017-10-31 16:47:15.707,
48,start_event_Loan  application received,2017-11-01 05:44:48.861,
48,Check  application  form completeness,2017-11-01 06:36:10.952,
48,Appraise property,2017-11-01 06:36:58.780,
49,start_event_Loan  application received,2017-11-01 08:04:09.785,
49,Check  application  form completeness,2017-11-01 09:08:43.031,
49,Check credit history,2017-11-01 09:16:35.528,
50,Receive updated application,2017-11-01 18:22:51.913,True
50,start_event_Loan  application received,2017-11-01 11:05:50.554,
50,Check  application  form completeness,2017-11-01 12:17:18.397,
51,start_event_Loan  application received,2017-11-01 14:15:17.845,
51,Return application back to applicant,2017-11-01 14:15:17.845,True
51,Check  application  form completeness,2017-11-01 16:13:01.351,
52,start_event_Loan  application received,2017-11-01 16:40:00.955,
52,Check  application  form completeness,2017-11-01 17:00:17.549,
52,Appraise property,2017-11-01 17:20:34.645,
53,start_event_Loan  application received,2017-11-03 05:23:55.037,
53,Check  application  form completeness,2017-11-03 07:59:19.483,
53,Appraise property,2017-11-03 08:37:41.134,
54,start_event_Loan  application received,2017-11-03 14:04:46.801,
54,Check  application  form completeness,2017-11-03 14:26:53.889,
54,Send acceptance pack,2017-11-03 14:26:53.889,True
55,start_event_Loan  application received,2017-11-04 23:00:02.424,
55,Check  application  form completeness,2017-11-04 23:00:30.942,
55,Return application back to applicant,2017-11-04 23:03:53.609,
56,start_event_Loan  application received,2017-11-06 22:05:40.381,
56,Check  application  form completeness,2017-11-06 22:54:53.453,
56,Approve application,2017-11-06 22:54:53.453,True
57,start_event_Loan  application received,2017-11-07 04:23:21.630,
57,Check  application  form completeness,2017-11-07 04:55:27.539,
57,Check credit history,2017-11-07 05:19:09.012,
58,start_event_Loan  application received,2017-11-08 21:43:56.161,
58,Check  application  form completeness,2017-11-08 21:47:39.173,
58,Check credit history,2017-11-08 23:27:45.629,
59,start_event_Loan  application received,2017-11-13 03:36:28.264,
59,Check  application  form completeness,2017-11-13 04:09:23.550,
59,Check credit history,2017-11-13 08:15:07.838,
60,start_event_Loan  application received,2017-11-14 20:18:12.703,
60,Check  application  form completeness,2017-11-14 21:05:29.145,
60,Check credit history,2017-11-15 03:03:00.772,
61,start_event_Loan  application received,2017-11-15 16:27:18.350,
61,Check  application  form completeness,2017-11-15 16:41:09.189,
61,Return application back to applicant,2017-11-15 16:53:20.617,
62,start_event_Loan  application received,2017-11-15 16:41:17.101,
62,Check  application  form completeness,2017-11-15 17:10:34.686,
62,Return application back to applicant,2017-11-15 17:15:32.718,
63,Verify repayment agreement,2017-11-16 09:16:35.981,True
63,start_event_Loan  application received,2017-11-16 04:39:14.489,
63,Appraise property,2017-11-16 04:39:14.489,True
64,start_event_Loan  application received,2017-11-16 12:39:17.192,
64,Check  application  form completeness,2017-11-16 13:03:19.640,
64,Check credit history,2017-11-16 16:03:47.552,
65,start_event_Loan  application received,2017-11-17 10:14:09.651,
65,Receive updated application,2017-11-17 10:14:09.651,True
65,Check  application  form completeness,2017-11-17 13:20:45.723,
66,start_event_Loan  application received,2017-11-20 00:40:04.417,
66,Check  application  form completeness,2017-11-20 01:11:36.501,
66,Appraise property,2017-11-20 02:21:21.811,
67,start_event_Loan  application received,2017-11-21 03:18:15.980,
67,Check  application  form completeness,2017-11-21 04:20:13.494,
67,Appraise property,2017-11-21 04:44:21.428,
68,start_event_Loan  application received,2017-11-21 06:41:47.810,
68,Check  application  form completeness,2017-11-21 08:51:08.307,
68,Appraise property,2017-11-21 09:55:08.449,
69,start_event_Loan  application received,2017-11-22 09:06:48.102,
69,Check  application  form completeness,2017-11-22 09:38:48.400,
69,Check credit history,2017-11-22 10:22:31.258,
70,start_event_Loan  application received,2017-11-26 09:09:38.129,
70,Check  application  form completeness,2017-11-26 09:48:58.431,
70,Return application back to applicant,2017-11-26 10:21:00.289,
71,start_event_Loan  application received,2017-11-26 18:42:08.010,
71,Check  application  form completeness,2017-11-26 21:13:31.337,
71,Appraise property,2017-11-26 21:44:31.369,
72,start_event_Loan  application received,2017-11-27 00:22:27.574,
72,Check  application  form completeness,2017-11-27 00:43:00.018,
72,Appraise property,2017-11-27 01:20:35.122,
73,start_event_Loan  application received,2017-11-28 03:20:18.401,
73,Check  application  form completeness,2017-11-28 04:41:54.049,
73,Appraise property,2017-11-28 04:58:40.018,
74,start_event_Loan  application received,2017-11-28 18:05:10.154,
74,Check  application  form completeness,2017-11-28 18:58:34.386,
74,Return application back to applicant,2017-11-28 20:08:43.450,
75,start_event_Loan  application received,2017-11-28 20:11:26.460,
75,Check  application  form completeness,2017-11-28 20:30:29.971,
75,Appraise property,2017-11-28 20:59:00.773,
76,start_event_Loan  application received,2017-11-30 17:40:17.587,
76,Check  application  form completeness,2017-11-30 19:18:33.350,
76,Check credit history,2017-11-30 20:37:39.611,
77,start_event_Loan  application received,2017-12-03 14:58:26.298,
77,Check  application  form completeness,2017-12-03 15:50:14.594,
77,Check if home insurance quote is requested,2017-12-03 15:50:14.594,True
78,start_event_Loan  application received,2017-12-03 21:09:18.025,
78,Reject application,2017-12-03 21:09:18.025,True
78,Check  application  form completeness,2017-12-03 21:14:42.613,
79,start_event_Loan  application received,2017-12-04 02:33:23.832,
79,Check  application  form completeness,2017-12-04 02:52:28.455,
79,Appraise property,2017-12-04 03:56:00.799,
80,Receive updated application,2017-12-04 09:51:06.261,True
80,start_event_Loan  application received,2017-12-05 10:27:17.707,
80,Check  application  form completeness,2017-12-05 10:41:46.083,
81,start_event_Loan  application received,2017-12-07 07:08:00.421,
81,Check  application  form completeness,2017-12-07 07:24:10.475,
81,Return application back to applicant,2017-12-07 09:24:57.078,
82,Check if home insurance quote is requested,2017-12-07 21:16:38.209,True
82,start_event_Loan  application received,2017-12-09 04:23:48.315,
82,Check  application  form completeness,2017-12-09 04:49:52.960,
83,start_event_Loan  application received,2017-12-10 14:20:46.561,
83,Check  application  form completeness,2017-12-10 15:14:14.691,
83,Appraise property,2017-12-10 15:50:43.602,
84,start_event_Loan  application received,2017-12-11 23:42:18.690,
84,Check  application  form completeness,2017-12-12 00:10:01.268,
84,Check credit history,2017-12-12 01:09:27.805,
85,start_event_Loan  application received,2017-12-12 16:00:09.586,
85,Check  application  form completeness,2017-12-12 16:36:09.937,
85,Check credit history,2017-12-12 18:26:00.265,
86,start_event_Loan  application received,2017-12-14 01:54:06.203,
86,end_event_Loan application rejected,2017-12-14 01:54:06.203,True
86,Check  application  form completeness,2017-12-14 02:09:26.584,
87,start_event_Loan  application received,2017-12-15 01:44:02.934,
87,Check  application  form completeness,2017-12-15 01:47:50.655,
87,Appraise property,2017-12-15 03:33:32.192,
88,start_event_Loan  application received,2017-12-17 14:14:45.997,
88,Check  application  form completeness,2017-12-17 14:18:09.817,
88,Return application back to applicant,2017-12-17 14:43:20.052,
89,start_event_Loan  application received,2017-12-18 11:21:36.935,
89,Check  application  form completeness,2017-12-18 11:54:53.845,
89,Return application back to applicant,2017-12-18 14:23:11.290,
90,start_event_Loan  application received,2017-12-19 12:36:13.105,
90,Check  application  form completeness,2017-12-19 13:51:27.762,
90,Return application back to applicant,2017-12-19 14:25:57.112,
91,start_event_Loan  application received,2017-12-20 18:07:16.530,
91,Check  application  form completeness,2017-12-20 19:57:41.987,
91,Return application back to applicant,2017-12-20 20:23:12.840,
92,start_event_Loan  application received,2017-12-22 03:12:21.383,
92,Check  application  form completeness,2017-12-22 05:30:06.651,
92,Check credit history,2017-12-22 07:59:52.018,
93,start_event_Loan  application received,2017-12-22 18:37:36.713,
93,Check  application  form completeness,2017-12-22 18:59:36.987,
93,Return application back to applicant,2017-12-22 19:17:55.538,
94,start_event_Loan  application received,2017-12-23 04:42:38.606,
94,Check  application  form completeness,2017-12-23 04:59:28.161,
94,Return application back to applicant,2017-12-23 05:25:48.873,
95,start_event_Loan  application received,2017-12-24 06:20:00.344,
95,Check  application  form completeness,2017-12-24 06:43:26.102,
95,Check credit history,2017-12-24 07:17:26.303,
96,start_event_Loan  application received,2017-12-24 19:42:24.547,
96,Check  application  form completeness,2017-12-24 20:41:31.411,
96,Return application back to applicant,2017-12-24 21:20:45.226,
97,start_event_Loan  application received,2017-12-25 23:00:31.291,
97,Check  application  form completeness,2017-12-25 23:03:22.812,
97,Appraise property,2017-12-26 00:10:23.153,
98,start_event_Loan  application received,2017-12-26 00:13:17.447,
98,Check  application  form completeness,2017-12-26 00:39:27.114,
98,Return application back to applicant,2017-12-26 01:12:23.120,
99,start_event_Loan  application received,2017-12-27 17:00:45.058,
99,Check  application  form completeness,2017-12-27 17:51:20.690,
99,start_event_Loan  application received,2017-12-27 17:51:20.690,True
100,start_event_Loan  application received,2017-12-28 23:11:13.114,
100,Check  application  form completeness,2017-12-29 00:08:58.510,
100,Return application back to applicant,2017-12-29 00:35:41.389,
101,start_event_Loan  application received,2017-12-29 06:58:14.513,
101,Check  application  form completeness,2017-12-29 07:49:41.181,
101,Return application back to applicant,2017-12-29 08:59:30.254,
102,start_event_Loan  application received,2017-12-29 19:56:49.245,
102,Check  application  form completeness,2017-12-29 20:07:06.168,
102,end_event_Loan  application canceled,2017-12-29 20:07:06.168,True
103,start_event_Loan  application received,2017-12-31 01:02:35.007,
103,Check  application  form completeness,2017-12-31 01:15:04.772,
103,Check credit history,2017-12-31 01:21:05.752,
104,start_event_Loan  application received,2017-12-31 14:55:52.138,
104,end_event_Loan  application approved,2017-12-31 14:55:52.138,True
104,Check  application  form completeness,2017-12-31 18:27:56.102,
105,start_event_Loan  application received,2018-01-01 08:52:44.909,
105,Check  application  form completeness,2018-01-01 08:54:56.120,
105,Return application back to applicant,2018-01-01 09:18:53.078,
106,start_event_Loan  application received,2018-01-04 13:47:40.045,
106,Check  application  form completeness,2018-01-04 14:00:16.056,
106,Appraise property,2018-01-04 14:06:54.890,
107,start_event_Loan  application received,2018-01-04 21:34:18.123,
107,Check  application  form completeness,2018-01-04 22:14:05.515,
107,Return application back to applicant,2018-01-04 22:27:25.488,
108,start_event_Loan  application received,2018-01-05 09:08:54.466,
108,Check  application  form completeness,2018-01-05 09:33:41.958,
108,Check credit history,2018-01-05 10:48:09.298,
109,end_event_Loan application rejected,2018-01-05 20:54:33.711,True
109,start_event_Loan  application received,2018-01-05 19:38:45.782,
109,Check  application  form completeness,2018-01-05 21:06:19.620,
110,start_event_Loan  application received,2018-01-06 23:00:52.466,
110,Check  application  form completeness,2018-01-07 02:09:06.555,
110,Check credit history,2018-01-07 02:27:13.504,
111,Approve application,2018-01-07 11:12:48.560,True
111,start_event_Loan  application received,2018-01-07 02:28:57.083,
111,Check  application  form completeness,2018-01-07 04:04:16.673,
112,Check if home insurance quote is requested,2018-01-07 11:32:20.505,True
112,start_event_Loan  application received,2018-01-09 01:06:02.092,
112,Check  application  form completeness,2018-01-09 01:58:56.888,
113,start_event_Loan  application received,2018-01-10 02:09:39.344,
113,Check  application  form completeness,2018-01-10 04:47:34.413,
113,Return application back to applicant,2018-01-10 06:23:15.001,
114,start_event_Loan  application received,2018-01-10 14:16:50.552,
114,Check  application  form completeness,2018-01-10 14:26:15.186,
114,Return application back to applicant,2018-01-10 14:48:15.756,
115,start_event_Loan  application received,2018-01-10 15:50:47.543,
115,Check if home insurance quote is requested,2018-01-10 15:50:47.543,True
115,Check  application  form completeness,2018-01-10 16:35:05.960,
116,start_event_Loan  application received,2018-01-11 07:38:53.528,
116,Check  application  form completeness,2018-01-11 08:11:40.139,
116,Return application back to applicant,2018-01-11 08:45:18.488,
117,start_event_Loan  application received,2018-01-12 14:08:42.776,
117,Check  application  form completeness,2018-01-12 14:21:21.572,
117,Appraise property,2018-01-12 15:46:21.067,
118,start_event_Loan  application received,2018-01-12 18:16:49.969,
118,Check  application  form completeness,2018-01-12 18:53:47.698,
118,Check credit history,2018-01-12 19:30:22.420,
119,start_event_Loan  application received,2018-01-14 00:56:54.917,
119,Check  application  form completeness,2018-01-14 01:23:07.852,
119,Appraise property,2018-01-14 01:44:40.258,
120,start_event_Loan  application received,2018-01-15 04:33:46.316,
120,Check  application  form completeness,2018-01-15 04:47:22.238,
120,Return application back to applicant,2018-01-15 05:20:10.767,
121,start_event_Loan  application received,2018-01-15 11:45:18.783,
121,Check  application  form completeness,2018-01-15 13:29:04.322,
121,end_event_Loan application rejected,2018-01-15 13:29:04.322,True
122,start_event_Loan  application received,2018-01-15 19:47:18.023,
122,Check  application  form completeness,2018-01-15 20:00:10.762,
122,Check credit history,2018-01-15 20:03:18.514,
123,start_event_Loan  application received,2018-01-16 00:24:59.855,
123,Check  application  form completeness,2018-01-16 00:59:33.903,
123,Appraise property,2018-01-16 01:37:02.319,
124,Cancel application,2018-01-16 04:20:48.044,True
124,start_event_Loan  application received,2018-01-16 15:52:25.552,
124,Check  application  form completeness,2018-01-16 17:13:25.625,
125,end_event_Loan  application canceled,2018-01-17 03:18:05.444,True
125,start_event_Loan  application received,2018-01-17 12:32:16.809,
125,Check  application  form completeness,2018-01-17 12:55:50.078,
126,start_event_Loan  application received,2018-01-18 21:21:09.109,
126,Check  application  form completeness,2018-01-19 01:06:55.250,
126,Appraise property,2018-01-19 03:58:04.500,
127,start_event_Loan  application received,2018-01-19 02:24:04.416,
127,Check  application  form completeness,2018-01-19 02:31:56.893,
127,Check credit history,2018-01-19 03:02:07.382,
128,start_event_Loan  application received,2018-01-19 14:15:53.342,
128,Check  application  form completeness,2018-01-19 14:38:47.016,
128,Return application back to applicant,2018-01-19 14:47:26.484,
129,start_event_Loan  application received,2018-01-20 12:44:42.008,
129,Check  application  form completeness,2018-01-20 13:47:26.460,
129,end_event_Loan  application canceled,2018-01-20 13:47:26.460,True
130,start_event_Loan  application received,2018-01-21 15:55:39.264,
130,Check  application  form completeness,2018-01-21 15:55:51.532,
130,Check  application  form completeness,2018-01-21 15:55:51.532,True
131,start_event_Loan  application received,2018-01-21 16:33:50.536,
131,Check  application  form completeness,2018-01-21 17:20:14.126,
131,Check credit history,2018-01-21 18:06:33.931,
132,start_event_Loan  application received,2018-01-22 11:17:27.691,
132,Assess eligibility,2018-01-22 11:17:27.691,True
132,Check  application  form completeness,2018-01-22 12:08:46.259,
133,start_event_Loan  application received,2018-01-23 04:25:01.046,
133,Check  application  form completeness,2018-01-23 04:26:07.856,
133,Return application back to applicant,2018-01-23 05:21:03.364,
134,start_event_Loan  application received,2018-01-23 05:04:17.181,
134,Check  application  form completeness,2018-01-23 05:16:57.594,
134,Check credit history,2018-01-23 05:21:46.630,
135,start_event_Loan  application received,2018-01-23 10:16:30.597,
135,Check  application  form completeness,2018-01-23 11:05:07.428,
135,Send acceptance pack,2018-01-23 11:05:07.428,True
136,start_event_Loan  application received,2018-01-24 08:19:48.769,
136,Check  application  form completeness,2018-01-24 08:26:31.343,
136,Check credit history,2018-01-24 11:03:04.927,
137,start_event_Loan  application received,2018-01-24 11:17:49.444,
137,Check  application  form completeness,2018-01-24 11:33:25.302,
137,Appraise property,2018-01-24 11:37:05.529,
138,start_event_Loan  application received,2018-01-24 16:42:11.041,
138,Check  application  form completeness,2018-01-24 17:01:29.797,
138,Assess loan risk,2018-01-24 17:01:29.797,True
139,start_event_Loan  application received,2018-01-24 19:25:13.266,
139,Check  application  form completeness,2018-01-24 20:03:51.766,
139,Return application back to applicant,2018-01-24 23:58:19.236,
140,start_event_Loan  application received,2018-01-25 21:34:49.604,
140,Check  application  form completeness,2018-01-25 21:56:38.249,
140,Return application back to applicant,2018-01-25 22:41:05.377,
141,start_event_Loan  application received,2018-01-26 20:14:59.779,
141,Reject application,2018-01-26 20:14:59.779,True
141,Check  application  form completeness,2018-01-26 20:27:39.604,
142,start_event_Loan  application received,2018-01-27 04:01:15.869,
142,Check  application  form completeness,2018-01-27 04:31:15.434,
142,Check credit history,2018-01-27 04:35:09.758,
143,start_event_Loan  application received,2018-01-28 16:31:18.437,
143,Check  application  form completeness,2018-01-28 16:42:12.927,
143,Return application back to applicant,2018-01-28 17:11:24.829,
144,start_event_Loan  application received,2018-01-29 08:14:26.365,
144,Check  application  form completeness,2018-01-29 09:36:38.445,
144,Check credit history,2018-01-29 10:29:00.563,
145,start_event_Loan  application received,2018-01-29 20:16:26.951,
145,Check  application  form completeness,2018-01-29 20:42:24.952,
145,Return application back to applicant,2018-01-29 21:23:04.929,
146,start_event_Loan  application received,2018-01-30 21:45:34.900,
146,Check  application  form completeness,2018-01-30 23:12:50.855,
146,Assess loan risk,2018-01-30 23:12:50.855,True
147,start_event_Loan  application received,2018-01-31 07:33:47.296,
147,Check  application  form completeness,2018-01-31 09:17:36.709,
147,Appraise property,2018-01-31 09:31:20.291,
148,start_event_Loan  application received,2018-01-31 10:53:36.122,
148,Check  application  form completeness,2018-01-31 11:26:34.878,
148,Check credit history,2018-01-31 12:18:34.097,
149,start_event_Loan  application received,2018-02-01 11:29:51.660,
149,Check  application  form completeness,2018-02-01 11:34:24.860,
149,Check credit history,2018-02-01 12:16:20.889,
150,start_event_Loan  application received,2018-02-01 17:09:03.082,
150,Check  application  form completeness,2018-02-01 19:49:35.533,
150,Appraise property,2018-02-01 20:05:13.549,
151,start_event_Loan  application received,2018-02-01 21:18:56.811,
151,Check  application  form completeness,2018-02-01 21:19:51.548,
151,Check credit history,2018-02-01 21:34:34.476,
152,start_event_Loan  application received,2018-02-01 21:34:00.761,
152,Check  application  form completeness,2018-02-01 22:45:37.510,
152,Appraise property,2018-02-02 01:25:22.565,
153,start_event_Loan  application received,2018-02-02 22:26:23.730,
153,Check  application  form completeness,2018-02-02 22:41:28.733,
153,Appraise property,2018-02-02 23:12:25.737,
154,start_event_Loan  application received,2018-02-03 05:23:56.439,
154,Return application back to applicant,2018-02-03 05:23:56.439,True
154,Check  application  form completeness,2018-02-03 05:55:37.937,
155,Send home insurance quote,2018-02-03 11:28:45.372,True
155,start_event_Loan  application received,2018-02-03 06:44:04.178,
155,Check  application  form completeness,2018-02-03 09:18:53.858,
156,start_event_Loan  application received,2018-02-04 11:20:14.214,
156,Check  application  form completeness,2018-02-04 11:52:11.030,
156,end_event_Loan  application canceled,2018-02-04 11:52:11.030,True
157,start_event_Loan  application received,2018-02-04 19:17:08.285,
157,Check  application  form completeness,2018-02-04 20:31:00.740,
157,Check credit history,2018-02-04 21:37:59.663,
158,start_event_Loan  application received,2018-02-05 11:22:39.697,
158,Check  application  form completeness,2018-02-05 12:20:04.371,
158,Check if home insurance quote is requested,2018-02-05 12:20:04.371,True
159,start_event_Loan  application received,2018-02-06 07:22:36.831,
159,Check  application  form completeness,2018-02-06 07:27:18.437,
159,Appraise property,2018-02-06 07:58:14.605,
160,start_event_Loan  application received,2018-02-07 00:08:43.158,
160,Check  application  form completeness,2018-02-07 00:56:55.396,
160,Appraise property,2018-02-07 01:20:42.502,
161,start_event_Loan  application received,2018-02-07 01:03:18.469,
161,Check  application  form completeness,2018-02-07 05:14:39.085,
161,Check credit history,2018-02-07 05:35:05.290,
162,start_event_Loan  application received,2018-02-07 18:44:48.179,
162,Check  application  form completeness,2018-02-07 20:33:35.374,
162,Reject application,2018-02-07 20:33:35.374,True
163,start_event_Loan  application received,2018-02-08 09:44:32.430,
163,Check  application  form completeness,2018-02-08 10:49:19.175,
163,Appraise property,2018-02-08 14:34:13.330,
164,start_event_Loan  application received,2018-02-08 18:41:50.379,
164,Check  application  form completeness,2018-02-08 21:15:34.614,
164,Return application back to applicant,2018-02-08 21:36:17.838,
165,start_event_Loan  application received,2018-02-08 22:25:26.289,
165,Check  application  form completeness,2018-02-08 22:34:31.591,
165,Return application back to applicant,2018-02-08 22:51:03.226,
166,start_event_Loan  application received,2018-02-10 20:33:48.980,
166,Check  application  form completeness,2018-02-10 21:52:09.892,
166,Check credit history,2018-02-10 22:34:49.767,
167,start_event_Loan  application received,2018-02-15 11:48:33.209,
167,Check  application  form completeness,2018-02-15 12:28:01.252,
167,Send acceptance pack,2018-02-15 12:28:01.252,True
168,start_event_Loan  application received,2018-02-21 03:26:14.325,
168,Check  application  form completeness,2018-02-21 04:31:21.440,
168,Appraise property,2018-02-21 07:02:33.934,
169,start_event_Loan  application received,2018-02-21 22:24:29.613,
169,Check  application  form completeness,2018-02-21 22:34:50.951,
169,Return application back to applicant,2018-02-21 23:16:19.228,
170,start_event_Loan  application received,2018-02-23 01:45:59.075,
170,Check  application  form completeness,2018-02-23 04:02:23.206,
170,Return application back to applicant,2018-02-23 04:32:16.043,
171,start_event_Loan  application received,2018-02-23 09:44:06.339,
171,Check  application  form completeness,2018-02-23 11:12:52.566,
171,Assess loan risk,2018-02-23 11:12:52.566,True
172,Assess loan risk,2018-02-23 14:24:56.659,True
172,start_event_Loan  application received,2018-02-23 12:38:20.327,
172,Check  application  form completeness,2018-02-23 13:36:20.423,
173,start_event_Loan  application received,2018-02-26 09:55:50.499,
173,Check  application  form completeness,2018-02-26 10:35:54.992,
173,Check credit history,2018-02-26 10:54:22.821,
174,Appraise property,2018-02-26 13:15:15.645,True
174,start_event_Loan  application received,2018-02-27 09:29:39.060,
174,Check  application  form completeness,2018-02-27 09:42:15.983,
175,start_event_Loan  application received,2018-02-27 09:43:34.960,
175,end_event_Loan application rejected,2018-02-27 09:43:34.960,True
175,Check  application  form completeness,2018-02-27 10:17:04.485,
176,start_event_Loan  application received,2018-02-28 21:27:35.947,
176,Check  application  form completeness,2018-02-28 21:55:33.916,
176,Return application back to applicant,2018-02-28 23:44:20.862,
177,start_event_Loan  application received,2018-03-05 22:54:55.423,
177,Check  application  form completeness,2018-03-06 01:01:31.480,
177,Return application back to applicant,2018-03-06 01:13:15.378,
178,start_event_Loan  application received,2018-03-06 03:19:34.595,
178,Check  application  form completeness,2018-03-06 04:31:39.102,
178,Return application back to applicant,2018-03-06 07:18:50.835,
179,start_event_Loan  application received,2018-03-06 12:25:29.503,
179,Check  application  form completeness,2018-03-06 12:26:05.586,
179,Check credit history,2018-03-06 12:56:45.562,
180,start_event_Loan  application received,2018-03-06 21:20:05.553,
180,Check  application  form completeness,2018-03-07 00:12:12.645,
180,Check credit history,2018-03-07 01:13:24.818,
181,start_event_Loan  application received,2018-03-07 02:47:43.915,
181,Check  application  form completeness,2018-03-07 03:09:58.106,
181,Appraise property,2018-03-07 03:22:30.218,
182,start_event_Loan  application received,2018-03-07 15:14:37.135,
182,Check  application  form completeness,2018-03-07 20:54:54.773,
182,Return application back to applicant,2018-03-07 21:50:18.931,
183,start_event_Loan  application received,2018-03-10 11:14:46.800,
183,Check  application  form completeness,2018-03-10 11:57:56.427,
183,Check  application  form completeness,2018-03-10 11:57:56.427,True
184,start_event_Loan  application received,2018-03-11 10:25:08.963,
184,Check  application  form completeness,2018-03-11 10:40:48.089,
184,Return application back to applicant,2018-03-11 11:43:44.450,
185,start_event_Loan  application received,2018-03-11 12:31:52.456,
185,Check  application  form completeness,2018-03-11 12:53:47.306,
185,Return application back to applicant,2018-03-11 14:01:49.058,
186,start_event_Loan  application received,2018-03-12 11:51:29.972,
186,Check  application  form completeness,2018-03-12 13:11:37.535,
186,Appraise property,2018-03-12 13:16:00.567,
187,Assess loan risk,2018-03-12 19:24:32.650,True
187,start_event_Loan  application received,2018-03-13 00:14:43.570,
187,Check  application  form completeness,2018-03-13 02:45:20.400,
188,start_event_Loan  application received,2018-03-13 09:20:45.351,
188,Check  application  form completeness,2018-03-13 10:03:55.138,
188,Return application back to applicant,2018-03-13 10:06:00.633,
189,start_event_Loan  application received,2018-03-13 10:53:45.007,
189,Check  application  form completeness,2018-03-13 12:07:48.696,
189,start_event_Loan  application received,2018-03-13 12:07:48.696,True
190,Return application back to applicant,2018-03-15 06:17:25.844,True
190,start_event_Loan  application received,2018-03-14 17:45:30.919,
190,Verify repayment agreement,2018-03-14 17:45:30.919,True
191,start_event_Loan  application received,2018-03-18 12:40:22.581,
191,Check  application  form completeness,2018-03-18 13:45:58.726,
191,Check credit history,2018-03-18 13:55:56.475,
192,start_event_Loan  application received,2018-03-20 07:54:10.777,
192,Check  application  form completeness,2018-03-20 08:17:49.317,
192,Check credit history,2018-03-20 09:14:17.013,
193,start_event_Loan  application received,2018-03-21 07:30:34.722,
193,Return application back to applicant,2018-03-21 07:30:34.722,True
193,Check  application  form completeness,2018-03-21 07:42:16.231,
194,start_event_Loan  application received,2018-03-21 10:50:44.875,
194,Check  application  form completeness,2018-03-21 13:00:32.490,
194,start_event_Loan  application received,2018-03-21 13:00:32.490,True
195,start_event_Loan  application received,2018-03-23 20:34:08.853,
195,Check  application  form completeness,2018-03-23 21:54:31.949,
195,Return application back to applicant,2018-03-23 22:20:59.788,
196,start_event_Loan  application received,2018-03-25 11:00:31.816,
196,Assess eligibility,2018-03-25 11:00:31.816,True
196,Check  application  form completeness,2018-03-25 11:29:50.507,
197,start_event_Loan  application received,2018-03-25 13:44:25.254,
197,Check  application  form completeness,2018-03-25 14:04:23.814,
197,Check credit history,2018-03-25 14:55:10.940,
198,start_event_Loan  application received,2018-03-29 09:59:57.486,
198,Check  application  form completeness,2018-03-29 10:45:18.609,
198,Appraise property,2018-03-29 10:53:22.602,
199,start_event_Loan  application received,2018-03-29 20:43:45.663,
199,Check  application  form completeness,2018-03-29 21:12:44.327,
199,Check  application  form completeness,2018-03-29 21:12:44.327,True
200,start_event_Loan  application received,2018-03-30 04:41:41.860,
200,Check  application  form completeness,2018-03-30 07:32:50.769,
200,Return application back to applicant,2018-03-30 07:49:35.837,
201,start_event_Loan  application received,2018-03-30 15:09:09.319,
201,Check  application  form completeness,2018-03-30 15:31:33.804,
201,start_event_Loan  application received,2018-03-30 15:31:33.804,True
202,start_event_Loan  application received,2018-04-01 20:21:54.503,
202,Check  application  form completeness,2018-04-01 20:32:27.195,
202,Return application back to applicant,2018-04-01 22:40:47.011,
203,start_event_Loan  application received,2018-04-02 02:14:12.289,
203,Check if home insurance quote is requested,2018-04-02 02:14:12.289,True
203,Check  application  form completeness,2018-04-02 05:46:49.888,
204,start_event_Loan  application received,2018-04-02 10:15:41.356,
204,Check  application  form completeness,2018-04-02 13:55:16.945,
204,Check credit history,2018-04-02 14:39:33.638,
205,start_event_Loan  application received,2018-04-04 09:00:21.958,
205,Check  application  form completeness,2018-04-04 12:23:27.050,
205,Appraise property,2018-04-04 12:28:53.871,
206,start_event_Loan  application received,2018-04-06 01:59:54.845,
206,Check  application  form completeness,2018-04-06 02:11:06.407,
206,Return application back to applicant,2018-04-06 03:15:54.926,
207,start_event_Loan  application received,2018-04-06 15:47:47.128,
207,Check  application  form completeness,2018-04-06 16:56:59.277,
207,Return application back to applicant,2018-04-06 16:58:07.717,
208,start_event_Loan  application received,2018-04-09 19:17:45.265,
208,Check  application  form completeness,2018-04-09 21:05:40.636,
208,Return application back to applicant,2018-04-09 21:52:33.249,
209,start_event_Loan  application received,2018-04-10 20:14:36.022,
209,end_event_Loan  application canceled,2018-04-10 20:14:36.022,True
209,Check  application  form completeness,2018-04-10 20:39:00.170,
210,start_event_Loan  application received,2018-04-11 16:45:21.613,
210,Check  application  form completeness,2018-04-11 17:05:38.609,
210,Check credit history,2018-04-11 18:00:01.829,
211,end_event_Loan application rejected,2018-04-11 22:06:48.606,True
211,start_event_Loan  application received,2018-04-12 16:18:04.955,
211,Check  application  form completeness,2018-04-12 17:08:22.841,
212,start_event_Loan  application received,2018-04-14 05:58:44.858,
212,Check  application  form completeness,2018-04-14 06:42:27.439,
212,Appraise property,2018-04-14 08:23:35.548,
213,start_event_Loan  application received,2018-04-14 12:41:57.715,
213,Check  application  form completeness,2018-04-14 13:43:42.531,
213,Return application back to applicant,2018-04-14 14:09:34.595,
214,start_event_Loan  application received,2018-04-14 19:14:45.216,
214,Check  application  form completeness,2018-04-14 19:58:06.334,
214,Return application back to applicant,2018-04-14 20:26:53.443,
215,start_event_Loan  application received,2018-04-14 23:30:36.953,
215,Check  application  form completeness,2018-04-15 00:57:59.434,
215,Return application back to applicant,2018-04-15 01:39:57.278,
216,Assess eligibility,2018-04-15 10:12:18.361,True
216,start_event_Loan  application received,2018-04-15 16:49:49.976,
216,Check  application  form completeness,2018-04-15 17:37:01.639,
217,start_event_Loan  application received,2018-04-16 02:49:19.742,
217,Check  application  form completeness,2018-04-16 02:54:31.068,
217,Return application back to applicant,2018-04-16 03:15:25.181,
218,Appraise property,2018-04-16 12:46:24.150,True
218,start_event_Loan  application received,2018-04-16 07:59:39.407,
218,Check  application  form completeness,2018-04-16 09:17:59.091,
219,start_event_Loan  application received,2018-04-16 13:31:18.215,
219,Approve application,2018-04-16 13:31:18.215,True
219,Check  application  form completeness,2018-04-16 13:47:55.109,
220,start_event_Loan  application received,2018-04-19 16:01:40.854,
220,Check  application  form completeness,2018-04-19 17:19:09.653,
220,Return application back to applicant,2018-04-19 18:08:25.635,
221,start_event_Loan  application received,2018-04-20 03:55:06.748,
221,Check  application  form completeness,2018-04-20 07:15:57.362,
221,Return application back to applicant,2018-04-20 11:01:14.089,
222,start_event_Loan  application received,2018-04-21 03:52:24.394,
222,Check  application  form completeness,2018-04-21 05:17:52.914,
222,Check credit history,2018-04-21 06:34:37.838,
223,start_event_Loan  application received,2018-04-21 07:07:16.967,
223,Check  application  form completeness,2018-04-21 07:50:39.342,
223,Check credit history,2018-04-21 08:15:12.035,
224,start_event_Loan  application received,2018-04-21 22:08:16.655,
224,Check  application  form completeness,2018-04-21 22:32:34.994,
224,Return application back to applicant,2018-04-21 23:57:07.870,
225,start_event_Loan  application received,2018-04-23 08:20:26.289,
225,Check  application  form completeness,2018-04-23 10:58:21.583,
225,Appraise property,2018-04-23 12:14:54.966,
226,start_event_Loan  application received,2018-04-23 19:52:33.905,
226,Check  application  form completeness,2018-04-23 20:15:58.994,
226,Return application back to applicant,2018-04-23 20:54:42.104,
227,start_event_Loan  application received,2018-04-25 14:15:13.015,
227,Check  application  form completeness,2018-04-25 15:49:29.738,
227,Appraise property,2018-04-25 16:37:09.925,
228,start_event_Loan  application received,2018-04-25 19:36:27.336,
228,Check  application  form completeness,2018-04-25 20:29:25.463,
228,Return application back to applicant,2018-04-25 22:35:34.103,
229,start_event_Loan  application received,2018-04-27 06:17:31.703,
229,Check  application  form completeness,2018-04-27 06:37:16.850,
229,Return application back to applicant,2018-04-27 08:14:55.239,
230,start_event_Loan  application received,2018-04-30 01:48:25.724,
230,Check  application  form completeness,2018-04-30 02:35:03.270,
230,Return application back to applicant,2018-04-30 05:05:38.760,
231,start_event_Loan  application received,2018-04-30 15:29:51.584,
231,Check  application  form completeness,2018-04-30 17:45:00.192,
231,Appraise property,2018-04-30 18:00:36.917,
232,start_event_Loan  application received,2018-04-30 16:14:53.417,
232,Check  application  form completeness,2018-04-30 17:22:19.237,
232,Return application back to applicant,2018-04-30 18:33:30.773,
233,start_event_Loan  application received,2018-04-30 18:05:50.355,
233,Check  application  form completeness,2018-04-30 19:50:51.220,
233,Return application back to applicant,2018-04-30 21:21:56.859,
234,start_event_Loan  application received,2018-05-01 13:53:21.409,
234,Check  application  form completeness,2018-05-01 15:26:32.616,
234,Return application back to applicant,2018-05-01 15:29:57.828,
235,start_event_Loan  application received,2018-05-02 19:49:57.675,
235,Check  application  form completeness,2018-05-02 19:58:19.580,
235,Check credit history,2018-05-02 21:01:53.062,
236,start_event_Loan  application received,2018-05-03 05:13:48.116,
236,Check  application  form completeness,2018-05-03 05:26:18.403,
236,Return application back to applicant,2018-05-03 05:31:05.752,
237,end_event_Loan  application canceled,2018-05-03 17:09:35.842,True
237,start_event_Loan  application received,2018-05-07 22:10:17.712,
237,Check  application  form completeness,2018-05-07 22:24:37.759,
238,start_event_Loan  application received,2018-05-08 05:26:12.119,
238,Check  application  form completeness,2018-05-08 05:36:55.259,
238,Appraise property,2018-05-08 06:05:16.744,
239,start_event_Loan  application received,2018-05-08 14:01:57.207,
239,Check  application  form completeness,2018-05-08 18:00:45.936,
239,Appraise property,2018-05-08 18:41:11.710,
240,start_event_Loan  application received,2018-05-09 09:28:33.502,
240,end_event_Loan  application approved,2018-05-09 09:28:33.502,True
240,Check  application  form completeness,2018-05-09 10:35:10.948,
241,start_event_Loan  application received,2018-05-11 06:15:36.167,
241,Check  application  form completeness,2018-05-11 07:26:20.595,
241,Reject application,2018-05-11 07:26:20.595,True
242,start_event_Loan  application received,2018-05-14 13:51:38.304,
242,Check  application  form completeness,2018-05-14 14:14:04.584,
242,end_event_Loan application rejected,2018-05-14 14:14:04.584,True
243,start_event_Loan  application received,2018-05-16 10:52:21.445,
243,Check  application  form completeness,2018-05-16 11:19:34.272,
243,Return application back to applicant,2018-05-16 11:32:17.790,
244,Check  application  form completeness,2018-05-16 18:37:32.662,True
244,start_event_Loan  application received,2018-05-16 22:32:04.049,
244,Check  application  form completeness,2018-05-16 23:00:29.269,
245,start_event_Loan  application received,2018-05-17 03:18:17.231,
245,Send home insurance quote,2018-05-17 03:18:17.231,True
245,Check  application  form completeness,2018-05-17 05:00:48.830,
246,start_event_Loan  application received,2018-05-18 18:48:48.769,
246,Check  application  form completeness,2018-05-18 19:13:21.276,
246,Return application back to applicant,2018-05-18 19:44:18.602,
247,start_event_Loan  application received,2018-05-18 23:51:33.576,
247,Check  application  form completeness,2018-05-19 00:45:13.237,
247,Assess eligibility,2018-05-19 00:45:13.237,True
248,start_event_Loan  application received,2018-05-21 00:44:30.266,
248,Check  application  form completeness,2018-05-21 01:47:38.569,
248,Return application back to applicant,2018-05-21 01:53:44.402,
249,start_event_Loan  application received,2018-05-21 03:51:46.222,
249,Check  application  form completeness,2018-05-21 04:20:14.680,
249,Appraise property,2018-05-21 04:49:21.232,
250,start_event_Loan  application received,2018-05-21 06:02:22.575,
250,Check  application  form completeness,2018-05-21 07:37:24.605,
250,Appraise property,2018-05-21 08:16:49.715,
251,start_event_Loan  application received,2018-05-22 19:49:11.042,
251,Appraise property,2018-05-22 19:49:11.042,True
251,Check  application  form completeness,2018-05-22 21:47:28.004,
252,start_event_Loan  application received,2018-05-23 13:28:27.581,
252,Check  application  form completeness,2018-05-23 13:51:26.406,
252,Return application back to applicant,2018-05-23 15:30:23.200,
253,start_event_Loan  application received,2018-05-25 03:09:49.951,
253,Check  application  form completeness,2018-05-25 05:32:02.883,
253,Return application back to applicant,2018-05-25 07:23:40.499,
254,start_event_Loan  application received,2018-05-25 03:10:24.411,
254,Check  application  form completeness,2018-05-25 04:21:27.124,
254,Return application back to applicant,2018-05-25 04:29:39.134,
255,start_event_Loan  application received,2018-05-26 01:01:02.931,
255,Check  application  form completeness,2018-05-26 03:46:19.902,
255,Return application back to applicant,2018-05-26 04:11:09.779,
256,start_event_Loan  application received,2018-05-26 13:41:50.685,
256,Check  application  form completeness,2018-05-26 14:48:05.417,
256,Return application back to applicant,2018-05-26 15:19:29.172,
257,start_event_Loan  application received,2018-05-27 15:39:55.688,
257,Check  application  form completeness,2018-05-27 15:40:30.770,
257,Reject application,2018-05-27 15:40:30.770,True
258,start_event_Loan  application received,2018-05-28 12:10:24.948,
258,Check  application  form completeness,2018-05-28 13:16:56.782,
258,Send acceptance pack,2018-05-28 13:16:56.782,True
259,start_event_Loan  application received,2018-05-28 18:13:14.001,
259,Check  application  form completeness,2018-05-28 18:46:08.427,
259,Return application back to applicant,2018-05-28 19:43:42.683,
260,Receive updated application,2018-05-29 09:22:40.570,True
260,start_event_Loan  application received,2018-05-29 14:33:32.286,
260,Check  application  form completeness,2018-05-29 14:59:12.157,
261,start_event_Loan  application received,2018-05-30 06:06:13.897,
261,Check  application  form completeness,2018-05-30 06:13:39.977,
261,Check credit history,2018-05-30 06:32:00.535,
262,start_event_Loan  application received,2018-06-01 06:35:08.271,
262,Check  application  form completeness,2018-06-01 07:13:19.724,
262,Return application back to applicant,2018-06-01 07:13:39.495,
263,start_event_Loan  application received,2018-06-04 21:12:38.134,
263,Check  application  form completeness,2018-06-04 22:27:30.733,
263,Check credit history,2018-06-04 23:13:43.520,
264,start_event_Loan  application received,2018-06-05 12:48:11.768,
264,Check  application  form completeness,2018-06-05 14:46:47.810,
264,Return application back to applicant,2018-06-05 15:22:25.000,
265,start_event_Loan  application received,2018-06-06 12:20:30.498,
265,Check  application  form completeness,2018-06-06 12:27:04.364,
265,Return application back to applicant,2018-06-06 13:14:27.572,
266,start_event_Loan  application received,2018-06-08 04:00:22.211,
266,Check  application  form completeness,2018-06-08 04:05:52.491,
266,Appraise property,2018-06-08 06:41:51.111,
267,start_event_Loan  application received,2018-06-08 09:47:46.038,
267,Check  application  form completeness,2018-06-08 10:50:53.673,
267,Appraise property,2018-06-08 11:11:35.671,
268,start_event_Loan  application received,2018-06-08 14:56:27.975,
268,Check  application  form completeness,2018-06-08 16:11:07.275,
268,Return application back to applicant,2018-06-08 16:39:50.782,
269,start_event_Loan  application received,2018-06-09 06:06:25.740,
269,Check  application  form completeness,2018-06-09 06:14:14.983,
269,Return application back to applicant,2018-06-09 07:16:03.266,
270,Send acceptance pack,2018-06-09 11:26:11.571,True
270,start_event_Loan  application received,2018-06-10 11:08:14.519,
270,Check  application  form completeness,2018-06-10 11:17:43.184,
271,start_event_Loan  application received,2018-06-10 20:35:03.570,
271,Check  application  form completeness,2018-06-10 20:42:52.742,
271,Return application back to applicant,2018-06-10 22:45:58.216,
272,start_event_Loan  application received,2018-06-11 11:06:35.058,
272,Check  application  form completeness,2018-06-11 11:23:34.376,
272,Return application back to applicant,2018-06-11 12:48:48.710,
273,start_event_Loan  application received,2018-06-12 23:45:57.817,
273,Check  application  form completeness,2018-06-12 23:49:05.247,
273,Appraise property,2018-06-13 02:28:35.592,
274,Check if home insurance quote is requested,2018-06-13 12:09:28.058,True
274,start_event_Loan  application received,2018-06-13 03:01:34.380,
274,Check  application  form completeness,2018-06-13 04:32:45.145,
275,start_event_Loan  application received,2018-06-13 19:19:13.820,
275,Check  application  form completeness,2018-06-13 20:49:53.448,
275,Return application back to applicant,2018-06-13 22:18:51.483,
276,start_event_Loan  application received,2018-06-14 20:44:49.959,
276,Check  application  form completeness,2018-06-14 20:46:02.139,
276,Return application back to applicant,2018-06-14 21:29:40.549,
277,Check if home insurance quote is requested,2018-06-15 05:12:26.106,True
277,start_event_Loan  application received,2018-06-15 19:07:41.932,
277,Check  application  form completeness,2018-06-15 19:45:35.503,
278,start_event_Loan  application received,2018-06-20 15:40:01.154,
278,Check  application  form completeness,2018-06-20 17:58:26.907,
278,Appraise property,2018-06-20 18:00:57.448,
279,start_event_Loan  application received,2018-06-21 13:23:26.085,
279,Check  application  form completeness,2018-06-21 14:11:14.047,
279,Check credit history,2018-06-21 15:38:41.654,
280,start_event_Loan  application received,2018-06-22 09:48:42.173,
280,Check  application  form completeness,2018-06-22 11:50:23.996,
280,Check credit history,2018-06-22 13:16:39.375,
281,start_event_Loan  application received,2018-06-22 16:31:37.675,
281,Check  application  form completeness,2018-06-22 16:33:41.593,
281,Return application back to applicant,2018-06-22 17:30:09.734,
282,start_event_Loan  application received,2018-06-22 20:40:50.760,
282,Check  application  form completeness,2018-06-22 21:59:42.909,
282,Appraise property,2018-06-22 22:07:43.050,
283,start_event_Loan  application received,2018-06-23 08:49:58.441,
283,Check  application  form completeness,2018-06-23 09:26:27.121,
283,Check credit history,2018-06-23 09:52:00.342,
284,start_event_Loan  application received,2018-06-26 23:06:20.225,
284,Check  application  form completeness,2018-06-27 00:49:45.079,
284,Appraise property,2018-06-27 00:50:31.549,
285,start_event_Loan  application received,2018-06-27 10:30:34.338,
285,Check  application  form completeness,2018-06-27 11:33:05.915,
285,Appraise property,2018-06-27 12:57:10.903,
286,end_event_Loan  application approved,2018-06-27 18:10:56.134,True
286,start_event_Loan  application received,2018-06-28 15:39:13.694,
286,Check  application  form completeness,2018-06-28 16:22:15.686,
287,start_event_Loan  application received,2018-06-29 03:05:24.417,
287,Check  application  form completeness,2018-06-29 04:03:44.961,
287,Return application back to applicant,2018-06-29 04:13:18.944,
288,start_event_Loan  application received,2018-06-29 07:05:16.839,
288,Check  application  form completeness,2018-06-29 08:15:59.920,
288,Verify repayment agreement,2018-06-29 08:15:59.920,True
289,start_event_Loan  application received,2018-06-30 03:39:40.345,
289,Check  application  form completeness,2018-06-30 04:59:05.595,
289,Return application back to applicant,2018-06-30 06:01:46.862,
290,start_event_Loan  application received,2018-06-30 09:01:38.048,
290,Check  application  form completeness,2018-06-30 09:22:24.368,
290,Return application back to applicant,2018-06-30 13:18:30.719,
291,Send acceptance pack,2018-07-02 15:54:56.504,True
291,start_event_Loan  application received,2018-07-01 02:13:17.611,
291,Check  application  form completeness,2018-07-01 09:09:58.383,
292,start_event_Loan  application received,2018-07-02 23:09:55.200,
292,Check  application  form completeness,2018-07-03 00:55:42.639,
292,Return application back to applicant,2018-07-03 01:28:15.613,
293,start_event_Loan  application received,2018-07-02 23:26:22.858,
293,Receive updated application,2018-07-02 23:26:22.858,True
293,Check  application  form completeness,2018-07-02 23:38:37.839,
294,start_event_Loan  application received,2018-07-04 08:15:07.237,
294,Check  application  form completeness,2018-07-04 08:50:48.393,
294,Return application back to applicant,2018-07-04 08:54:34.616,
295,start_event_Loan  application received,2018-07-04 08:59:38.633,
295,Check  application  form completeness,2018-07-04 10:44:45.284,
295,Appraise property,2018-07-04 11:51:53.503,
296,Return application back to applicant,2018-07-04 14:33:46.898,True
296,start_event_Loan  application received,2018-07-04 14:47:01.004,
296,Check  application  form completeness,2018-07-04 15:22:11.373,
297,start_event_Loan  application received,2018-07-05 23:54:25.194,
297,Check  application  form completeness,2018-07-06 04:00:08.843,
297,Return application back to applicant,2018-07-06 05:00:36.358,
298,start_event_Loan  application received,2018-07-06 09:18:06.608,
298,Check  application  form completeness,2018-07-06 09:19:13.402,
298,Cancel application,2018-07-06 09:19:13.402,True
299,start_event_Loan  application received,2018-07-07 00:32:18.118,
299,Check  application  form completeness,2018-07-07 01:07:36.953,
299,Check credit history,2018-07-07 02:22:10.475,
300,Verify repayment agreement,2018-07-07 12:58:26.885,True
300,start_event_Loan  application received,2018-07-07 12:20:53.173,
300,Check  application  form completeness,2018-07-07 13:08:53.975,
301,start_event_Loan  application received,2018-07-07 23:18:17.336,
301,Check  application  form completeness,2018-07-08 00:43:29.211,
301,Check credit history,2018-07-08 00:51:38.056,
302,start_event_Loan  application received,2018-07-09 08:31:21.658,
302,Check  application  form completeness,2018-07-09 09:28:51.139,
302,Return application back to applicant,2018-07-09 09:32:53.086,
303,start_event_Loan  application received,2018-07-09 14:12:26.231,
303,Check  application  form completeness,2018-07-09 14:57:55.307,
303,Check credit history,2018-07-09 17:06:40.881,
304,start_event_Loan  application received,2018-07-09 17:43:55.951,
304,Check  application  form completeness,2018-07-09 19:01:20.381,
304,Return application back to applicant,2018-07-09 19:53:42.275,
305,Send acceptance pack,2018-07-10 06:04:07.058,True
305,start_event_Loan  application received,2018-07-10 09:02:54.641,
305,Check  application  form completeness,2018-07-10 09:04:08.512,
306,start_event_Loan  application received,2018-07-10 16:51:06.320,
306,Check  application  form completeness,2018-07-10 16:58:21.742,
306,Return application back to applicant,2018-07-10 18:37:50.710,
307,start_event_Loan  application received,2018-07-11 10:59:15.737,
307,Verify repayment agreement,2018-07-11 10:59:15.737,True
307,Check  application  form completeness,2018-07-11 12:35:14.408,
308,start_event_Loan  application received,2018-07-12 16:20:55.210,
308,Assess loan risk,2018-07-12 16:20:55.210,True
308,Check  application  form completeness,2018-07-12 16:39:17.076,
309,start_event_Loan  application received,2018-07-16 07:24:23.243,
309,Check  application  form completeness,2018-07-16 07:38:33.405,
309,Return application back to applicant,2018-07-16 09:29:38.020,
310,start_event_Loan  application received,2018-07-18 09:14:19.301,
310,Check  application  form completeness,2018-07-18 09:53:41.185,
310,Check credit history,2018-07-18 10:17:11.761,
311,start_event_Loan  application received,2018-07-19 16:19:34.414,
311,Check  application  form completeness,2018-07-19 16:27:50.041,
311,Appraise property,2018-07-19 16:33:28.164,
312,start_event_Loan  application received,2018-07-19 18:57:43.815,
312,Check  application  form completeness,2018-07-19 19:36:01.467,
312,Appraise property,2018-07-19 21:58:32.639,
313,start_event_Loan  application received,2018-07-20 20:03:43.970,
313,Check  application  form completeness,2018-07-20 23:52:31.549,
313,Receive updated application,2018-07-20 23:52:31.549,True
314,start_event_Loan  application received,2018-07-21 05:53:12.963,
314,Cancel application,2018-07-21 05:53:12.963,True
314,Check  application  form completeness,2018-07-21 07:59:01.145,
315,start_event_Loan  application received,2018-07-22 10:57:41.158,
315,Check  application  form completeness,2018-07-22 11:01:11.162,
315,Appraise property,2018-07-22 11:40:32.968,
316,start_event_Loan  application received,2018-07-24 18:58:06.207,
316,Check  application  form completeness,2018-07-24 19:35:50.501,
316,Check credit history,2018-07-24 20:34:45.170,
317,start_event_Loan  application received,2018-07-24 21:35:08.759,
317,Check  application  form completeness,2018-07-24 21:58:01.874,
317,Appraise property,2018-07-24 23:24:28.872,
318,start_event_Loan  application received,2018-07-25 13:09:53.724,
318,Check  application  form completeness,2018-07-25 13:44:38.102,
318,Appraise property,2018-07-25 13:57:08.641,
319,start_event_Loan  application received,2018-07-28 21:55:15.135,
319,start_event_Loan  application received,2018-07-28 21:55:15.135,True
319,Check  application  form completeness,2018-07-28 23:50:00.442,
320,start_event_Loan  application received,2018-07-29 03:59:09.892,
320,Check  application  form completeness,2018-07-29 05:05:31.258,
320,Check credit history,2018-07-29 10:15:09.333,
321,start_event_Loan  application received,2018-07-29 13:55:42.600,
321,Check  application  form completeness,2018-07-29 14:34:21.961,
321,Appraise property,2018-07-29 14:36:12.752,
322,start_event_Loan  application received,2018-07-30 07:32:23.003,
322,Check  application  form completeness,2018-07-30 08:29:29.139,
322,Return application back to applicant,2018-07-30 08:44:54.266,
323,start_event_Loan  application received,2018-07-30 22:36:55.015,
323,Check  application  form completeness,2018-07-31 00:23:58.097,
323,Return application back to applicant,2018-07-31 01:03:31.784,
324,start_event_Loan  application received,2018-07-31 23:48:00.572,
324,Check  application  form completeness,2018-08-01 00:13:33.718,
324,Check credit history,2018-08-01 00:43:04.946,
325,start_event_Loan  application received,2018-08-02 23:22:14.716,
325,Check  application  form completeness,2018-08-03 00:18:42.894,
325,Return application back to applicant,2018-08-03 01:07:12.977,
326,start_event_Loan  application received,2018-08-03 03:16:02.053,
326,Check  application  form completeness,2018-08-03 05:01:16.702,
326,Return application back to applicant,2018-08-03 05:47:27.300,
327,start_event_Loan  application received,2018-08-04 03:44:52.310,
327,end_event_Loan  application canceled,2018-08-04 03:44:52.310,True
327,Check  application  form completeness,2018-08-04 03:53:18.394,
328,start_event_Loan  application received,2018-08-05 00:58:31.885,
328,Check  application  form completeness,2018-08-05 01:19:14.773,
328,Return application back to applicant,2018-08-05 01:28:12.075,
329,start_event_Loan  application received,2018-08-05 09:59:04.426,
329,Check  application  form completeness,2018-08-05 10:25:55.610,
329,Check credit history,2018-08-05 10:28:31.342,
330,start_event_Loan  application received,2018-08-06 11:57:45.437,
330,Check  application  form completeness,2018-08-06 14:07:37.358,
330,Appraise property,2018-08-06 15:08:10.469,
331,start_event_Loan  application received,2018-08-07 01:56:40.461,
331,end_event_Loan application rejected,2018-08-07 01:56:40.461,True
331,Check  application  form completeness,2018-08-07 02:25:42.270,
332,start_event_Loan  application received,2018-08-09 13:28:22.933,
332,Verify repayment agreement,2018-08-09 13:28:22.933,True
332,Check  application  form completeness,2018-08-09 13:33:59.734,
333,start_event_Loan  application received,2018-08-10 02:07:24.560,
333,Check  application  form completeness,2018-08-10 02:44:04.740,
333,Check credit history,2018-08-10 04:58:33.656,
334,start_event_Loan  application received,2018-08-12 01:01:04.375,
334,Check  application  form completeness,2018-08-12 01:43:03.235,
334,Return application back to applicant,2018-08-12 03:22:47.739,
335,start_event_Loan  application received,2018-08-13 13:07:45.099,
335,Check  application  form completeness,2018-08-13 14:26:24.773,
335,Return application back to applicant,2018-08-13 15:40:58.390,
336,start_event_Loan  application received,2018-08-14 00:36:49.638,
336,Check  application  form completeness,2018-08-14 03:05:18.132,
336,Check credit history,2018-08-14 03:24:01.297,
337,Assess loan risk,2018-08-14 16:05:36.255,True
337,start_event_Loan  application received,2018-08-17 17:34:20.880,
337,Check  application  form completeness,2018-08-17 19:47:04.531,
338,start_event_Loan  application received,2018-08-18 10:04:07.249,
338,Check  application  form completeness,2018-08-18 11:18:15.871,
338,Appraise property,2018-08-18 11:21:10.139,
339,start_event_Loan  application received,2018-08-18 17:15:41.218,
339,Check  application  form completeness,2018-08-18 20:05:20.556,
339,Check credit history,2018-08-18 20:24:44.340,
340,start_event_Loan  application received,2018-08-18 17:21:06.264,
340,Check  application  form completeness,2018-08-18 19:34:08.672,
340,Return application back to applicant,2018-08-18 22:58:37.709,
341,start_event_Loan  application received,2018-08-19 02:10:42.099,
341,Check  application  form completeness,2018-08-19 03:01:53.499,
341,Check credit history,2018-08-19 06:14:52.264,
342,start_event_Loan  application received,2018-08-19 14:33:56.168,
342,Check  application  form completeness,2018-08-19 14:50:20.981,
342,Return application back to applicant,2018-08-19 14:52:32.869,
343,end_event_Loan  application approved,2018-08-20 00:52:18.759,True
343,start_event_Loan  application received,2018-08-20 04:56:17.842,
343,Check  application  form completeness,2018-08-20 05:28:53.971,
344,start_event_Loan  application received,2018-08-20 20:25:36.645,
344,Check  application  form completeness,2018-08-20 20:57:36.448,
344,Return application back to applicant,2018-08-20 21:06:51.561,
345,start_event_Loan  application received,2018-08-21 02:11:27.947,
345,Check  application  form completeness,2018-08-21 02:53:51.238,
345,Return application back to applicant,2018-08-21 03:32:02.311,
346,start_event_Loan  application received,2018-08-21 08:37:04.099,
346,Check  application  form completeness,2018-08-21 09:36:02.465,
346,Return application back to applicant,2018-08-21 10:01:57.353,
347,start_event_Loan  application received,2018-08-23 12:04:34.284,
347,Check  application  form completeness,2018-08-23 12:33:16.606,
347,Appraise property,2018-08-23 12:49:10.341,
348,start_event_Loan  application received,2018-08-23 13:50:34.719,
348,Check  application  form completeness,2018-08-23 15:24:22.840,
348,Return application back to applicant,2018-08-23 15:43:11.435,
349,start_event_Loan  application received,2018-08-25 15:06:15.244,
349,Check  application  form completeness,2018-08-25 16:32:16.700,
349,Appraise property,2018-08-25 17:00:06.375,
350,start_event_Loan  application received,2018-08-26 16:08:03.831,
350,Check  application  form completeness,2018-08-26 17:12:33.497,
350,Return application back to applicant,2018-08-26 17:20:07.375,
351,start_event_Loan  application received,2018-08-26 20:47:25.269,
351,Check  application  form completeness,2018-08-26 22:39:09.593,
351,Return application back to applicant,2018-08-26 23:20:38.150,
352,start_event_Loan  application received,2018-08-28 19:14:24.976,
352,Check  application  form completeness,2018-08-28 19:26:34.679,
352,Return application back to applicant,2018-08-28 20:56:37.521,
353,start_event_Loan  application received,2018-08-29 11:28:24.326,
353,Check  application  form completeness,2018-08-29 12:31:52.145,
353,Return application back to applicant,2018-08-29 12:38:59.448,
354,start_event_Loan  application received,2018-09-01 02:30:23.955,
354,Check  application  form completeness,2018-09-01 02:56:34.760,
354,Return application back to applicant,2018-09-01 03:57:18.286,
355,start_event_Loan  application received,2018-09-01 07:22:57.241,
355,Check  application  form completeness,2018-09-01 09:17:54.262,
355,Return application back to applicant,2018-09-01 11:07:33.915,
356,start_event_Loan  application received,2018-09-01 14:31:36.714,
356,Check  application  form completeness,2018-09-01 15:32:12.754,
356,Check credit history,2018-09-01 16:09:59.298,
357,start_event_Loan  application received,2018-09-04 02:56:05.280,
357,Check  application  form completeness,2018-09-04 05:11:27.649,
357,Check credit history,2018-09-04 05:20:02.002,
358,Send acceptance pack,2018-09-04 10:31:10.683,True
358,start_event_Loan  application received,2018-09-06 05:25:51.361,
358,Check  application  form completeness,2018-09-06 06:34:09.885,
359,start_event_Loan  application received,2018-09-07 08:02:12.379,
359,Approve application,2018-09-07 08:02:12.379,True
359,Check  application  form completeness,2018-09-07 08:28:25.658,
360,start_event_Loan  application received,2018-09-07 21:04:44.724,
360,Check  application  form completeness,2018-09-07 22:14:39.011,
360,Appraise property,2018-09-07 22:42:27.022,
361,start_event_Loan  application received,2018-09-09 14:14:48.927,
361,Check  application  form completeness,2018-09-09 14:21:43.186,
361,end_event_Loan application rejected,2018-09-09 14:21:43.186,True
362,start_event_Loan  application received,2018-09-09 22:39:56.910,
362,Check  application  form completeness,2018-09-09 23:56:29.311,
362,Return application back to applicant,2018-09-10 00:51:48.278,
363,start_event_Loan  application received,2018-09-10 02:09:48.892,
363,Check  application  form completeness,2018-09-10 03:38:49.626,
363,Check credit history,2018-09-10 03:40:50.708,
364,start_event_Loan  application received,2018-09-11 19:04:31.342,
364,Check  application  form completeness,2018-09-11 19:36:29.446,
364,Return application back to applicant,2018-09-11 19:37:25.186,
365,start_event_Loan  application received,2018-09-13 00:58:18.073,
365,Check  application  form completeness,2018-09-13 01:01:12.325,
365,Return application back to applicant,2018-09-13 01:18:54.519,
366,start_event_Loan  application received,2018-09-13 07:33:25.421,
366,Check  application  form completeness,2018-09-13 07:49:11.633,
366,Appraise property,2018-09-13 08:16:26.029,
367,start_event_Loan  application received,2018-09-16 19:17:33.193,
367,Check  application  form completeness,2018-09-16 19:18:47.841,
367,Return application back to applicant,2018-09-16 19:59:53.246,
368,start_event_Loan  application received,2018-09-17 17:02:38.696,
368,Check  application  form completeness,2018-09-17 17:07:21.059,
368,Check credit history,2018-09-17 17:46:56.267,
369,start_event_Loan  application received,2018-09-17 19:30:28.971,
369,Check  application  form completeness,2018-09-17 19:41:55.050,
369,Return application back to applicant,2018-09-17 20:37:06.865,
370,start_event_Loan  application received,2018-09-20 23:21:30.366,
370,Check  application  form completeness,2018-09-21 00:58:10.127,
370,Return application back to applicant,2018-09-21 01:41:43.675,
371,start_event_Loan  application received,2018-09-21 22:17:02.275,
371,Check  application  form completeness,2018-09-21 23:30:52.690,
371,Return application back to applicant,2018-09-22 00:09:02.694,
372,start_event_Loan  application received,2018-09-21 23:32:50.359,
372,Check  application  form completeness,2018-09-22 01:08:58.284,
372,Check credit history,2018-09-22 01:19:29.607,
373,start_event_Loan  application received,2018-09-22 11:20:07.645,
373,Check  application  form completeness,2018-09-22 12:01:55.410,
373,Appraise property,2018-09-22 12:14:31.046,
374,start_event_Loan  application received,2018-09-22 21:20:18.925,
374,Check  application  form completeness,2018-09-23 00:36:04.876,
374,Cancel application,2018-09-23 00:36:04.876,True
375,start_event_Loan  application received,2018-09-23 16:34:59.041,
375,end_event_Loan  application canceled,2018-09-23 16:34:59.041,True
375,Check  application  form completeness,2018-09-23 17:51:53.873,
376,start_event_Loan  application received,2018-09-24 07:18:50.474,
376,Check  application  form completeness,2018-09-24 07:56:09.023,
376,Check credit history,2018-09-24 13:27:20.731,
377,start_event_Loan  application received,2018-09-25 08:49:01.299,
377,Check  application  form completeness,2018-09-25 09:59:26.331,
377,Send acceptance pack,2018-09-25 09:59:26.331,True
378,start_event_Loan  application received,2018-09-26 02:18:41.947,
378,Check  application  form completeness,2018-09-26 03:09:37.356,
378,Appraise property,2018-09-26 03:52:36.107,
379,start_event_Loan  application received,2018-09-26 06:27:16.343,
379,Check  application  form completeness,2018-09-26 06:42:08.608,
379,Check credit history,2018-09-26 08:03:58.933,
380,Assess eligibility,2018-09-26 19:17:29.343,True
380,start_event_Loan  application received,2018-09-26 18:58:46.069,
380,Check  application  form completeness,2018-09-26 19:07:50.833,
381,start_event_Loan  application received,2018-09-26 22:34:22.914,
381,Check  application  form completeness,2018-09-27 00:28:43.886,
381,start_event_Loan  application received,2018-09-27 00:28:43.886,True
382,Assess eligibility,2018-09-27 09:05:07.578,True
382,start_event_Loan  application received,2018-09-27 05:19:06.579,
382,Check  application  form completeness,2018-09-27 05:27:34.979,
383,start_event_Loan  application received,2018-09-27 11:09:38.175,
383,Check  application  form completeness,2018-09-27 15:01:21.537,
383,Verify repayment agreement,2018-09-27 15:01:21.537,True
384,start_event_Loan  application received,2018-09-29 05:03:39.211,
384,Check credit history,2018-09-29 05:03:39.211,True
384,Check  application  form completeness,2018-09-29 05:33:25.557,
385,start_event_Loan  application received,2018-09-29 13:58:06.511,
385,Check  application  form completeness,2018-09-29 14:06:01.689,
385,Reject application,2018-09-29 14:06:01.689,True
386,start_event_Loan  application received,2018-09-30 11:03:02.228,
386,Check  application  form completeness,2018-09-30 11:06:18.342,
386,Return application back to applicant,2018-09-30 11:48:49.399,
387,start_event_Loan  application received,2018-10-01 01:00:08.650,
387,Check  application  form completeness,2018-10-01 03:27:27.946,
387,Appraise property,2018-10-01 07:20:41.391,
388,start_event_Loan  application received,2018-10-01 09:25:21.773,
388,Check  application  form completeness,2018-10-01 09:57:46.539,
388,Return application back to applicant,2018-10-01 10:21:12.526,
389,Assess loan risk,2018-10-01 20:42:00.480,True
389,start_event_Loan  application received,2018-10-01 14:25:33.959,
389,Check  application  form completeness,2018-10-01 14:31:20.001,
390,start_event_Loan  application received,2018-10-04 02:32:08.617,
390,Check  application  form completeness,2018-10-04 02:45:34.875,
390,Check credit history,2018-10-04 03:05:26.593,
391,start_event_Loan  application received,2018-10-04 23:51:18.837,
391,Check  application  form completeness,2018-10-05 00:05:29.327,
391,Check credit history,2018-10-05 01:18:57.794,
392,start_event_Loan  application received,2018-10-05 07:57:40.005,
392,Check  application  form completeness,2018-10-05 10:05:05.197,
392,Appraise property,2018-10-05 17:39:29.299,
393,Check if home insurance quote is requested,2018-10-05 23:15:37.565,True
393,start_event_Loan  application received,2018-10-06 17:58:46.096,
393,Check  application  form completeness,2018-10-06 18:01:55.215,
394,start_event_Loan  application received,2018-10-07 00:42:08.050,
394,Approve application,2018-10-07 00:42:08.050,True
394,Check  application  form completeness,2018-10-07 05:53:33.755,
395,start_event_Loan  application received,2018-10-07 04:08:19.074,
395,Check  application  form completeness,2018-10-07 05:26:05.110,
395,Return application back to applicant,2018-10-07 06:01:11.285,
396,start_event_Loan  application received,2018-10-08 13:32:54.222,
396,Check  application  form completeness,2018-10-08 14:01:28.419,
396,Appraise property,2018-10-08 14:17:28.002,
397,start_event_Loan  application received,2018-10-09 08:31:15.123,
397,Check  application  form completeness,2018-10-09 08:59:09.429,
397,Appraise property,2018-10-09 09:18:38.268,
398,start_event_Loan  application received,2018-10-10 01:58:53.184,
398,Check  application  form completeness,2018-10-10 03:06:48.036,
398,Check credit history,2018-10-10 03:34:59.496,
399,start_event_Loan  application received,2018-10-10 08:38:13.210,
399,Check  application  form completeness,2018-10-10 08:55:51.059,
399,Return application back to applicant,2018-10-10 09:16:24.851,
400,start_event_Loan  application received,2018-10-11 08:45:22.897,
400,Check  application  form completeness,2018-10-11 11:45:02.044,
400,Return application back to applicant,2018-10-11 11:57:53.457,
401,start_event_Loan  application received,2018-10-11 23:49:24.215,
401,Check  application  form completeness,2018-10-12 00:52:57.031,
401,Return application back to applicant,2018-10-12 01:13:05.822,
402,start_event_Loan  application received,2018-10-13 01:15:43.580,
402,Check  application  form completeness,2018-10-13 02:04:03.864,
402,end_event_Loan  application approved,2018-10-13 02:04:03.864,True
403,start_event_Loan  application received,2018-10-14 00:28:17.683,
403,Check  application  form completeness,2018-10-14 00:55:26.266,
403,Check credit history,2018-10-14 02:59:03.204,
404,start_event_Loan  application received,2018-10-14 14:08:16.917,
404,Send acceptance pack,2018-10-14 14:08:16.917,True
404,Check  application  form completeness,2018-10-14 14:59:40.226,
405,start_event_Loan  application received,2018-10-14 14:45:09.887,
405,Check  application  form completeness,2018-10-14 15:14:03.685,
405,start_event_Loan  application received,2018-10-14 15:14:03.685,True
406,start_event_Loan  application received,2018-10-14 15:12:44.800,
406,Verify repayment agreement,2018-10-14 15:12:44.800,True
406,Check  application  form completeness,2018-10-14 15:40:54.121,
407,start_event_Loan  application received,2018-10-16 13:47:14.744,
407,Check  application  form completeness,2018-10-16 14:46:16.863,
407,Return application back to applicant,2018-10-16 15:26:14.458,
408,start_event_Loan  application received,2018-10-16 22:02:23.354,
408,Approve application,2018-10-16 22:02:23.354,True
408,Check  application  form completeness,2018-10-16 22:30:39.233,
409,start_event_Loan  application received,2018-10-17 07:30:43.359,
409,Assess loan risk,2018-10-17 07:30:43.359,True
409,Check  application  form completeness,2018-10-17 07:35:17.273,
410,start_event_Loan  application received,2018-10-20 14:18:29.637,
410,Check  application  form completeness,2018-10-20 16:05:51.789,
410,Appraise property,2018-10-20 18:38:39.877,
411,start_event_Loan  application received,2018-10-21 15:26:48.768,
411,Check  application  form completeness,2018-10-21 15:26:58.524,
411,Appraise property,2018-10-21 15:30:56.354,
412,start_event_Loan  application received,2018-10-23 05:53:43.302,
412,Assess loan risk,2018-10-23 05:53:43.302,True
412,Check  application  form completeness,2018-10-23 06:40:31.544,
413,start_event_Loan  application received,2018-10-24 00:28:09.219,
413,Check  application  form completeness,2018-10-24 00:53:20.252,
413,Check credit history,2018-10-24 03:22:36.975,
414,start_event_Loan  application received,2018-10-24 09:50:20.901,
414,Check  application  form completeness,2018-10-24 10:29:00.973,
414,Return application back to applicant,2018-10-24 10:51:50.547,
415,start_event_Loan  application received,2018-10-24 10:07:55.178,
415,Check  application  form completeness,2018-10-24 11:21:06.003,
415,Return application back to applicant,2018-10-24 13:20:10.650,
416,Appraise property,2018-10-24 17:19:05.157,True
416,start_event_Loan  application received,2018-10-24 14:10:00.593,
416,Check  application  form completeness,2018-10-24 15:19:07.213,
417,start_event_Loan  application received,2018-10-24 14:57:46.343,
417,Check  application  form completeness,2018-10-24 15:30:48.893,
417,end_event_Loan  application approved,2018-10-24 15:30:48.893,True
418,start_event_Loan  application received,2018-10-26 01:07:06.186,
418,Assess eligibility,2018-10-26 01:07:06.186,True
418,Check  application  form completeness,2018-10-26 02:01:52.020,
419,start_event_Loan  application received,2018-10-26 06:19:45.713,
419,Check  application  form completeness,2018-10-26 09:11:13.585,
419,Check credit history,2018-10-26 09:47:21.673,
420,start_event_Loan  application received,2018-10-26 21:22:36.602,
420,Check  application  form completeness,2018-10-26 22:23:18.506,
420,Return application back to applicant,2018-10-26 23:33:57.366,
421,start_event_Loan  application received,2018-10-27 12:06:46.160,
421,Check  application  form completeness,2018-10-27 13:17:56.824,
421,Appraise property,2018-10-27 14:16:26.362,
422,start_event_Loan  application received,2018-10-28 02:34:34.133,
422,Check  application  form completeness,2018-10-28 03:14:40.019,
422,Return application back to applicant,2018-10-28 03:28:00.034,
423,start_event_Loan  application received,2018-10-28 15:25:50.618,
423,Check  application  form completeness,2018-10-28 17:09:22.061,
423,Check credit history,2018-10-28 19:07:11.227,
424,start_event_Loan  application received,2018-10-29 07:04:38.180,
424,Check  application  form completeness,2018-10-29 07:09:15.098,
424,Appraise property,2018-10-29 07:40:54.072,
425,end_event_Loan  application approved,2018-10-29 16:36:09.374,True
425,start_event_Loan  application received,2018-10-31 05:22:46.640,
425,Check  application  form completeness,2018-10-31 05:40:59.817,
426,start_event_Loan  application received,2018-11-01 00:35:51.826,
426,Check  application  form completeness,2018-11-01 00:39:24.585,
426,Approve application,2018-11-01 00:39:24.585,True
427,start_event_Loan  application received,2018-11-02 17:04:33.070,
427,Check  application  form completeness,2018-11-02 18:11:59.283,
427,Return application back to applicant,2018-11-02 18:22:20.347,
428,start_event_Loan  application received,2018-11-05 13:17:03.902,
428,Check  application  form completeness,2018-11-05 14:11:17.102,
428,Return application back to applicant,2018-11-05 14:56:18.070,
429,start_event_Loan  application received,2018-11-07 01:41:20.373,
429,Check  application  form completeness,2018-11-07 02:43:32.512,
429,Return application back to applicant,2018-11-07 02:52:54.262,
430,start_event_Loan  application received,2018-11-07 08:16:38.639,
430,Send acceptance pack,2018-11-07 08:16:38.639,True
430,Check  application  form completeness,2018-11-07 10:32:23.998,
431,start_event_Loan  application received,2018-11-10 04:15:54.991,
431,Check  application  form completeness,2018-11-10 04:46:47.170,
431,Appraise property,2018-11-10 05:11:41.951,
432,start_event_Loan  application received,2018-11-11 17:19:45.494,
432,Check  application  form completeness,2018-11-11 17:53:12.973,
432,Appraise property,2018-11-11 22:14:47.169,
433,start_event_Loan  application received,2018-11-12 05:51:43.773,
433,Check  application  form completeness,2018-11-12 06:46:40.119,
433,Return application back to applicant,2018-11-12 07:19:07.926,
434,start_event_Loan  application received,2018-11-12 16:28:31.341,
434,Check  application  form completeness,2018-11-12 17:45:45.780,
434,Return application back to applicant,2018-11-12 18:00:43.435,
435,start_event_Loan  application received,2018-11-12 20:39:17.253,
435,Check  application  form completeness,2018-11-12 21:07:06.737,
435,Return application back to applicant,2018-11-12 23:02:43.861,
436,start_event_Loan  application received,2018-11-13 08:21:55.252,
436,Check  application  form completeness,2018-11-13 09:16:40.900,
436,Return application back to applicant,2018-11-13 09:42:10.299,
437,start_event_Loan  application received,2018-11-13 17:03:12.185,
437,Check  application  form completeness,2018-11-13 17:41:27.767,
437,Return application back to applicant,2018-11-13 17:50:23.469,
438,start_event_Loan  application received,2018-11-13 19:06:38.708,
438,Reject application,2018-11-13 19:06:38.708,True
438,Check  application  form completeness,2018-11-13 19:58:17.663,
439,Receive updated application,2018-11-14 01:02:43.505,True
439,start_event_Loan  application received,2018-11-14 22:49:52.983,
439,Check  application  form completeness,2018-11-14 22:55:07.291,
440,end_event_Loan  application approved,2018-11-15 07:31:35.511,True
440,start_event_Loan  application received,2018-11-16 04:56:18.790,
440,Check  application  form completeness,2018-11-16 07:51:25.410,
441,start_event_Loan  application received,2018-11-17 20:35:03.311,
441,Check  application  form completeness,2018-11-17 21:37:59.243,
441,Assess loan risk,2018-11-17 21:37:59.243,True
442,start_event_Loan  application received,2018-11-19 08:06:17.500,
442,Approve application,2018-11-19 08:06:17.500,True
442,Check  application  form completeness,2018-11-19 09:58:55.349,
443,start_event_Loan  application received,2018-11-20 15:57:11.428,
443,Check  application  form completeness,2018-11-20 15:59:28.221,
443,Return application back to applicant,2018-11-20 16:01:42.421,
444,start_event_Loan  application received,2018-11-22 09:50:18.865,
444,Check  application  form completeness,2018-11-22 10:42:17.083,
444,Return application back to applicant,2018-11-22 11:30:50.973,
445,start_event_Loan  application received,2018-11-25 16:10:49.577,
445,Check  application  form completeness,2018-11-25 16:19:59.588,
445,Return application back to applicant,2018-11-25 18:26:43.601,
446,Assess eligibility,2018-11-26 14:35:54.522,True
446,start_event_Loan  application received,2018-11-27 14:55:48.686,
446,Check  application  form completeness,2018-11-27 16:24:42.013,
447,Assess eligibility,2018-11-28 05:28:40.787,True
447,start_event_Loan  application received,2018-11-30 03:08:43.641,
447,Check  application  form completeness,2018-11-30 05:04:37.284,
448,start_event_Loan  application received,2018-11-30 14:45:39.029,
448,Check  application  form completeness,2018-11-30 15:22:42.352,
448,Return application back to applicant,2018-11-30 17:57:38.895,
449,start_event_Loan  application received,2018-12-02 01:34:15.211,
449,Check  application  form completeness,2018-12-02 02:19:02.272,
449,Appraise property,2018-12-02 02:37:58.775,
450,start_event_Loan  application received,2018-12-02 04:31:24.166,
450,Check  application  form completeness,2018-12-02 04:41:09.460,
450,Check credit history,2018-12-02 05:30:56.843,
451,start_event_Loan  application received,2018-12-03 14:50:01.890,
451,Receive updated application,2018-12-03 14:50:01.890,True
451,Check  application  form completeness,2018-12-03 17:11:52.611,
452,start_event_Loan  application received,2018-12-03 16:40:02.878,
452,Check  application  form completeness,2018-12-03 16:56:46.463,
452,Return application back to applicant,2018-12-03 18:38:22.145,
453,start_event_Loan  application received,2018-12-04 03:02:15.501,
453,Check  application  form completeness,2018-12-04 03:15:12.249,
453,Check credit history,2018-12-04 04:08:03.694,
454,start_event_Loan  application received,2018-12-04 05:11:17.721,
454,Check  application  form completeness,2018-12-04 06:07:30.188,
454,Return application back to applicant,2018-12-04 09:42:59.807,
455,Cancel application,2018-12-05 01:05:09.527,True
455,start_event_Loan  application received,2018-12-04 11:01:35.344,
455,Check  application  form completeness,2018-12-04 12:22:49.135,
456,start_event_Loan  application received,2018-12-05 02:03:04.325,
456,Check  application  form completeness,2018-12-05 04:20:01.305,
456,Return application back to applicant,2018-12-05 06:30:31.900,
457,start_event_Loan  application received,2018-12-05 20:56:46.799,
457,Check  application  form completeness,2018-12-06 02:07:00.841,
457,Check credit history,2018-12-06 02:32:39.476,
458,start_event_Loan  application received,2018-12-06 04:05:58.027,
458,Check  application  form completeness,2018-12-06 04:29:25.543,
458,Return application back to applicant,2018-12-06 04:53:38.953,
459,start_event_Loan  application received,2018-12-06 11:37:22.701,
459,Check  application  form completeness,2018-12-06 12:01:44.443,
459,Check credit history,2018-12-06 14:16:26.232,
460,end_event_Loan  application canceled,2018-12-06 22:31:21.929,True
460,start_event_Loan  application received,2018-12-07 04:03:21.309,
460,Check  application  form completeness,2018-12-07 06:19:25.134,
461,start_event_Loan  application received,2018-12-07 08:51:24.890,
461,Check  application  form completeness,2018-12-07 10:50:08.846,
461,Return application back to applicant,2018-12-07 11:07:23.095,
462,start_event_Loan  application received,2018-12-07 22:40:13.733,
462,Check  application  form completeness,2018-12-07 22:57:10.532,
462,Return application back to applicant,2018-12-08 00:49:21.997,
463,start_event_Loan  application received,2018-12-09 14:06:06.083,
463,Check  application  form completeness,2018-12-09 14:09:08.436,
463,Check credit history,2018-12-09 16:17:16.761,
464,start_event_Loan  application received,2018-12-09 18:15:45.250,
464,Check  application  form completeness,2018-12-09 19:22:35.688,
464,end_event_Loan application rejected,2018-12-09 19:22:35.688,True
465,start_event_Loan  application received,2018-12-10 00:29:58.008,
465,Check  application  form completeness,2018-12-10 01:04:22.105,
465,Check credit history,2018-12-10 02:20:17.262,
466,start_event_Loan  application received,2018-12-11 01:16:58.144,
466,Check  application  form completeness,2018-12-11 03:48:40.996,
466,Return application back to applicant,2018-12-11 03:50:30.593,
467,start_event_Loan  application received,2018-12-11 17:21:20.230,
467,Check  application  form completeness,2018-12-11 18:22:13.024,
467,Check credit history,2018-12-11 21:08:22.585,
468,start_event_Loan  application received,2018-12-13 18:41:18.368,
468,Check  application  form completeness,2018-12-13 18:55:12.699,
468,Return application back to applicant,2018-12-13 19:46:44.583,
469,start_event_Loan  application received,2018-12-17 14:54:37.785,
469,Check  application  form completeness,2018-12-17 14:59:56.271,
469,Return application back to applicant,2018-12-17 16:56:23.413,
470,start_event_Loan  application received,2018-12-18 15:08:43.620,
470,Check  application  form completeness,2018-12-18 15:15:26.369,
470,Return application back to applicant,2018-12-18 17:15:19.530,
471,end_event_Loan  application approved,2018-12-19 10:05:59.579,True
471,start_event_Loan  application received,2018-12-18 19:20:48.449,
471,Check  application  form completeness,2018-12-18 20:46:24.635,
472,start_event_Loan  application received,2018-12-19 02:36:00.640,
472,Check  application  form completeness,2018-12-19 03:21:38.364,
472,Return application back to applicant,2018-12-19 03:35:14.056,
473,start_event_Loan  application received,2018-12-23 01:34:20.767,
473,Check  application  form completeness,2018-12-23 01:50:21.426,
473,Return application back to applicant,2018-12-23 02:29:50.177,
474,start_event_Loan  application received,2018-12-24 07:06:50.308,
474,Check  application  form completeness,2018-12-24 07:49:15.100,
474,start_event_Loan  application received,2018-12-24 07:49:15.100,True
475,start_event_Loan  application received,2018-12-25 01:06:59.764,
475,Check  application  form completeness,2018-12-25 01:09:44.569,
475,Return application back to applicant,2018-12-25 01:25:09.309,
476,start_event_Loan  application received,2018-12-25 11:04:56.330,
476,Check  application  form completeness,2018-12-25 11:09:56.730,
476,Return application back to applicant,2018-12-25 12:36:10.894,
477,start_event_Loan  application received,2018-12-26 06:03:40.516,
477,Check  application  form completeness,2018-12-26 06:09:46.661,
477,Appraise property,2018-12-26 06:26:46.079,
478,start_event_Loan  application received,2018-12-27 01:46:52.221,
478,Check  application  form completeness,2018-12-27 02:44:00.082,
478,Appraise property,2018-12-27 03:08:22.324,
479,start_event_Loan  application received,2018-12-28 07:49:02.377,
479,Check  application  form completeness,2018-12-28 07:52:25.113,
479,Return application back to applicant,2018-12-28 08:05:50.914,
480,start_event_Loan  application received,2018-12-31 09:37:23.998,
480,Check  application  form completeness,2018-12-31 09:48:16.130,
480,Return application back to applicant,2018-12-31 11:24:35.456,
481,start_event_Loan  application received,2019-01-04 09:28:55.807,
481,Appraise property,2019-01-04 09:28:55.807,True
481,Check  application  form completeness,2019-01-04 09:43:49.235,
482,start_event_Loan  application received,2019-01-06 06:34:31.003,
482,Check  application  form completeness,2019-01-06 06:52:39.560,
482,Return application back to applicant,2019-01-06 07:54:16.912,
483,start_event_Loan  application received,2019-01-06 15:00:54.986,
483,Check  application  form completeness,2019-01-06 20:10:35.750,
483,Check credit history,2019-01-06 20:17:12.579,
484,start_event_Loan  application received,2019-01-06 18:45:38.475,
484,Check  application  form completeness,2019-01-06 18:48:34.677,
484,Appraise property,2019-01-06 19:30:17.032,
485,start_event_Loan  application received,2019-01-07 10:21:08.179,
485,Check  application  form completeness,2019-01-07 10:24:14.802,
485,Appraise property,2019-01-07 11:33:16.793,
486,start_event_Loan  application received,2019-01-09 21:19:42.578,
486,Verify repayment agreement,2019-01-09 21:19:42.578,True
486,Check  application  form completeness,2019-01-09 22:16:28.757,
487,start_event_Loan  application received,2019-01-10 15:51:21.827,
487,Check  application  form completeness,2019-01-10 16:01:22.974,
487,Return application back to applicant,2019-01-10 16:05:06.804,
488,start_event_Loan  application received,2019-01-12 05:56:25.596,
488,Check  application  form completeness,2019-01-12 07:42:45.917,
488,Check credit history,2019-01-12 08:19:00.544,
489,start_event_Loan  application received,2019-01-13 09:16:08.907,
489,Check  application  form completeness,2019-01-13 10:20:07.686,
489,Return application back to applicant,2019-01-13 11:18:00.003,
490,start_event_Loan  application received,2019-01-14 11:41:08.338,
490,Check  application  form completeness,2019-01-14 12:16:50.582,
490,Return application back to applicant,2019-01-14 12:48:42.695,
491,start_event_Loan  application received,2019-01-14 17:04:46.899,
491,Check  application  form completeness,2019-01-14 17:06:29.313,
491,Return application back to applicant,2019-01-14 17:26:24.452,
492,start_event_Loan  application received,2019-01-15 07:49:45.193,
492,Check  application  form completeness,2019-01-15 10:25:47.104,
492,Appraise property,2019-01-15 13:50:18.576,
493,start_event_Loan  application received,2019-01-16 21:48:34.200,
493,Check  application  form completeness,2019-01-16 21:58:02.401,
493,Appraise property,2019-01-16 23:14:43.286,
494,Check if home insurance quote is requested,2019-01-17 03:48:07.851,True
494,start_event_Loan  application received,2019-01-17 09:29:56.782,
494,Check  application  form completeness,2019-01-17 09:36:59.353,
495,start_event_Loan  application received,2019-01-19 01:55:29.480,
495,Assess loan risk,2019-01-19 01:55:29.480,True
495,Check  application  form completeness,2019-01-19 02:01:40.147,
496,start_event_Loan  application received,2019-01-19 02:54:21.576,
496,Check  application  form completeness,2019-01-19 04:29:15.999,
496,Check credit history,2019-01-19 04:32:58.098,
497,start_event_Loan  application received,2019-01-19 14:53:04.225,
497,Check  application  form completeness,2019-01-19 16:36:20.444,
497,Send home insurance quote,2019-01-19 16:36:20.444,True
498,start_event_Loan  application received,2019-01-19 17:36:07.259,
498,Check  application  form completeness,2019-01-19 17:38:26.983,
498,Check credit history,2019-01-19 20:53:40.046,
499,start_event_Loan  application received,2019-01-21 02:56:09.200,
499,Receive updated application,2019-01-21 02:56:09.200,True
499,Check  application  form completeness,2019-01-21 02:57:45.217,
